u,v,u_lat,u_lon,way_id,length_m,crosses_main_stem,crosses_other_waterway,highway,bridge,tunnel,culvert,ford,layer,access,surface,tracktype,motor_vehicle,name,destroyed,destroyed:highway,damage:event,import,source
3842230572,3842230576,11.4992088,76.1598506,30778557,3.9,False,,primary,,,,,,,asphalt,,,Kalpetta - Meppadi Road,,,,,
3842230576,3842230588,11.4992417,76.159839,30778557,20.2,False,,primary,,,,,,,asphalt,,,Kalpetta - Meppadi Road,,,,,
3842230588,12091838221,11.4994193,76.1598007,30778557,24.0,False,,primary,,,,,,,asphalt,,,Kalpetta - Meppadi Road,,,,,
12091838221,3842230601,11.4996284,76.1597453,30778557,24.4,False,,primary,,,,,,,asphalt,,,Kalpetta - Meppadi Road,,,,,
3842230601,3842230604,11.4998334,76.1596657,30778557,22.0,False,,primary,,,,,,,asphalt,,,Kalpetta - Meppadi Road,,,,,
3842230604,3842230603,11.4999988,76.1595541,380928406,16.0,False,,unclassified,,,,,,,,,,,,,,,
3842230603,3842230602,11.4999158,76.1594337,380928406,9.7,False,,unclassified,,,,,,,,,,,,,,,
3842230602,3842230599,11.4998555,76.1593689,380928406,9.6,False,,unclassified,,,,,,,,,,,,,,,
3842230599,3842230596,11.4997692,76.1593782,380928406,11.5,False,,unclassified,,,,,,,,,,,,,,,
3842230596,3842230593,11.499668,76.1593985,380928406,10.4,False,,unclassified,,,,,,,,,,,,,,,
3842230593,3842230590,11.499579,76.1594274,380928406,12.3,False,,unclassified,,,,,,,,,,,,,,,
3842230590,3842230575,11.4994774,76.1594726,380928406,23.5,False,,unclassified,,,,,,,,,,,,,,,
3842230575,3842230560,11.4992814,76.1595527,380928406,34.7,False,,unclassified,,,,,,,,,,,,,,,
3842230560,3842230456,11.4989917,76.1596706,380928406,16.7,False,,unclassified,,,,,,,,,,,,,,,
3842230456,12083763473,11.4988418,76.1596836,380928406,39.5,False,,unclassified,,,,,,,,,,,,,,,
12083763473,3842230445,11.4984883,76.1596526,380928406,43.4,False,,unclassified,,,,,,,,,,,,,,,
3842230445,3842230442,11.4981024,76.1595904,380928406,109.3,False,,unclassified,,,,,,,,,,,,,,,
3842230442,3842230441,11.4971575,76.1593151,380928406,21.0,False,,unclassified,,,,,,,,,,,,,,,
3842230441,3842230439,11.4970163,76.1591872,380928406,39.4,False,,unclassified,,,,,,,,,,,,,,,
3842230439,3842230438,11.4967707,76.1589268,380928406,64.0,False,,unclassified,,,,,,,,,,,,,,,
3842230438,3842230436,11.4963236,76.1585568,380928406,32.0,False,,unclassified,,,,,,,,,,,,,,,
3842230436,3842230435,11.4961248,76.1583439,380928406,13.1,False,,unclassified,,,,,,,,,,,,,,,
3842230435,3842230434,11.4960205,76.1582874,380928406,20.0,False,,unclassified,,,,,,,,,,,,,,,
3842230434,3842230432,11.4958705,76.1581859,380928406,60.8,False,,unclassified,,,,,,,,,,,,,,,
3842230432,3842230430,11.4955119,76.1577651,380928406,31.5,False,,unclassified,,,,,,,,,,,,,,,
3842230430,3842230426,11.4952948,76.1575791,380928406,28.8,False,,unclassified,,,,,,,,,,,,,,,
3842230426,3842230423,11.4950712,76.157445,380928406,29.9,False,,unclassified,,,,,,,,,,,,,,,
3842230423,3842230403,11.4948554,76.1572808,380928406,145.9,False,,unclassified,,,,,,,,,,,,,,,
3842230403,3842230399,11.4941413,76.1561573,380928406,27.8,False,,unclassified,,,,,,,,,,,,,,,
3842230399,3842230394,11.4940044,76.1559436,380928406,41.3,False,,unclassified,,,,,,,,,,,,,,,
3842230394,12083774568,11.4938328,76.1556072,380928406,74.3,False,,unclassified,,,,,,,,,,,,,,,
12083774568,12083774569,11.493585,76.1549735,380928406,18.1,False,,unclassified,,,,,,,,,,,,,,,
12083774569,12083774570,11.4935942,76.1548072,380928406,54.2,False,,unclassified,,,,,,,,,,,,,,,
12083774570,3842230388,11.4936993,76.1543217,380928406,47.9,False,,unclassified,,,,,,,,,,,,,,,
3842230388,3842230393,11.493758,76.1538859,380928406,61.3,False,,unclassified,,,,,,,,,,,,,,,
3842230393,3842230390,11.4938656,76.1533337,380928406,19.3,False,,unclassified,,,,,,,,,,,,,,,
3842230390,3842230386,11.493837,76.1531594,380928406,31.9,False,,unclassified,,,,,,,,,,,,,,,
3842230386,3842230378,11.493718,76.1528933,380928406,37.9,False,,unclassified,,,,,,,,,,,,,,,
3842230378,3842230374,11.4935387,76.1525972,380928406,20.3,False,,unclassified,,,,,,,,,,,,,,,
3842230374,3842230373,11.493423,76.1524525,380928406,10.3,False,,unclassified,,,,,,,,,,,,,,,
3842230373,3842230370,11.4933855,76.152366,380928406,54.1,False,,unclassified,,,,,,,,,,,,,,,
3842230370,3842230368,11.4933219,76.1518737,380928406,58.7,False,,unclassified,,,,,,,,,,,,,,,
3842230368,3842230369,11.4932323,76.1513431,380928406,12.1,False,,unclassified,,,,,,,,,,,,,,,
3842230369,3842230377,11.4932502,76.1512334,380928406,40.7,False,,unclassified,,,,,,,,,,,,,,,
3842230377,3842230396,11.4935191,76.15098,380928406,51.5,False,,unclassified,,,,,,,,,,,,,,,
3842230396,3842230397,11.4938875,76.1506939,380928406,7.6,False,,unclassified,,,,,,,,,,,,,,,
3842230397,3842230395,11.4939071,76.1506274,380928406,9.4,False,,unclassified,,,,,,,,,,,,,,,
3842230395,3842230389,11.4938842,76.1505442,380928406,15.2,False,,unclassified,,,,,,,,,,,,,,,
3842230389,3842230380,11.4938093,76.1504278,380928406,34.8,False,,unclassified,,,,,,,,,,,,,,,
3842230380,3842230375,11.4935492,76.150251,380928406,10.9,False,,unclassified,,,,,,,,,,,,,,,
3842230375,3842230367,11.49348,76.1501804,380928406,46.6,False,,unclassified,,,,,,,,,,,,,,,
3842230367,3842230365,11.4932218,76.1498441,380928406,12.4,False,,unclassified,,,,,,,,,,,,,,,
3842230365,3842230362,11.4931711,76.1497429,380928406,16.9,False,,unclassified,,,,,,,,,,,,,,,
3842230362,3842230364,11.4931342,76.1495924,380928406,16.7,False,,unclassified,,,,,,,,,,,,,,,
3842230364,3842230366,11.4931435,76.1494395,380928406,14.4,False,,unclassified,,,,,,,,,,,,,,,
3842230366,3842230376,11.493178,76.1493125,380928406,54.5,False,,unclassified,,,,,,,,,,,,,,,
3842230376,3842230381,11.4934846,76.148922,380928406,11.5,False,,unclassified,,,,,,,,,,,,,,,
3842230381,3842230391,11.4935653,76.1488561,380928406,44.9,False,,unclassified,,,,,,,,,,,,,,,
3842230391,3842230401,11.4938511,76.1485645,380928406,55.9,False,,unclassified,,,,,,,,,,,,,,,
3842230401,12085404041,11.4941139,76.1481269,380928406,13.4,False,,unclassified,,,,,,,,,,,,,,,
12085404041,3842230404,11.4941473,76.1480083,380928406,9.7,False,,unclassified,,,,,,,,,,,,,,,
3842230404,3842230405,11.4941715,76.1479223,380928406,22.9,False,,unclassified,,,,,,,,,,,,,,,
3842230405,3842230406,11.4941853,76.147713,380928406,37.6,False,,unclassified,,,,,,,,,,,,,,,
3842230406,3842230407,11.4942113,76.1473693,380928406,43.6,False,,unclassified,,,,,,,,,,,,,,,
3842230407,3842230409,11.4942229,76.1469694,380928406,16.4,False,,unclassified,,,,,,,,,,,,,,,
3842230409,3842230411,11.4942503,76.1468215,380928406,11.2,False,,unclassified,,,,,,,,,,,,,,,
3842230411,3842230410,11.4942643,76.1467201,380928406,8.0,False,,unclassified,,,,,,,,,,,,,,,
3842230410,3842230398,11.4942643,76.1466471,380928406,62.9,False,,unclassified,,,,,,,,,,,,,,,
3842230398,3842230387,11.4940223,76.1461249,380928406,46.1,False,,unclassified,,,,,,,,,,,,,,,
3842230387,3842230417,11.4937736,76.145786,380928406,81.1,False,,unclassified,,,,,,,,,,,,,,,
3842230417,3842230421,11.4944854,76.145624,380928406,30.9,False,,unclassified,,,,,,,,,,,,,,,
3842230421,5883092441,11.4947577,76.1455675,622913247,12.7,False,,track,,,,,,,unpaved,,,,,,,yes,digitalglobe
5883092441,5883092442,11.4947151,76.1454593,622913215,9.4,False,,track,,,,,,,unpaved,,,,,,,,
5883092442,5883092443,11.4946433,76.1454145,622913215,30.9,False,,track,,,,,,,unpaved,,,,,,,,
5883092443,5883092444,11.4944727,76.1451901,622913215,23.8,False,,track,,,,,,,unpaved,,,,,,,,
5883092444,5883092445,11.4943201,76.1450375,622913215,33.2,False,,track,,,,,,,unpaved,,,,,,,,
5883092445,5883092446,11.494172,76.1447727,622913215,15.7,False,,track,,,,,,,unpaved,,,,,,,,
5883092446,5883092447,11.4941227,76.1446381,622913215,10.0,False,,track,,,,,,,unpaved,,,,,,,,
5883092447,5883092448,11.4941047,76.1445483,622913215,46.5,False,,track,,,,,,,unpaved,,,,,,,,
5883092448,5883092449,11.4941092,76.144122,622913215,29.2,False,,track,,,,,,,unpaved,,,,,,,,
5883092449,5883092450,11.494172,76.1438617,622913215,9.8,False,,track,,,,,,,unpaved,,,,,,,,
5883092450,5883092451,11.4941631,76.1437719,622913215,16.4,False,,track,,,,,,,unpaved,,,,,,,,
5883092451,5883092454,11.4940823,76.1436462,622913215,56.9,False,,track,,,,,,,unpaved,,,,,,,,
5883092454,5883092455,11.4939028,76.1431571,622913215,65.4,False,,track,,,,,,,unpaved,,,,,,,,
5883092455,5883092457,11.4937636,76.1425736,622913215,14.1,False,,track,,,,,,,unpaved,,,,,,,,
5883092457,5883092458,11.4937951,76.142448,622913215,15.3,False,,track,,,,,,,unpaved,,,,,,,,
5883092458,5943923688,11.4938714,76.1423313,622913215,23.8,False,,track,,,,,,,unpaved,,,,,,,,
5943923688,5883092460,11.4939162,76.1421177,622913215,5.4,False,,track,,,,,,,unpaved,,,,,,,,
5883092460,5943923687,11.4938957,76.1420725,622913215,6.3,False,,track,,,,,,,unpaved,,,,,,,,
5943923687,5883092463,11.4938505,76.1421069,622913215,23.2,False,,track,,,,,,,unpaved,,,,,,,,
5883092463,5883092464,11.4937143,76.1422685,622913215,15.6,False,,track,,,,,,,unpaved,,,,,,,,
5883092464,5883092467,11.4935886,76.1423313,622913215,68.7,False,,track,,,,,,,unpaved,,,,,,,,
5883092467,5883092468,11.4933059,76.1428923,622913215,35.6,False,,track,,,,,,,unpaved,,,,,,,,
5883092468,5883092470,11.4930905,76.1431346,622913215,26.5,False,,track,,,,,,,unpaved,,,,,,,,
5883092470,5883092472,11.4929648,76.1433411,622913215,32.1,False,,track,,,,,,,unpaved,,,,,,,,
5883092472,5883092473,11.4927673,76.1435565,622913215,44.8,False,,track,,,,,,,unpaved,,,,,,,,
5883092473,5883092475,11.492691,76.1439604,622913215,31.8,False,,track,,,,,,,unpaved,,,,,,,,
5883092475,7428737122,11.4926776,76.1442521,622913215,29.9,False,794270375:stream:,track,,,,,,,unpaved,,,,,,,,
7428737122,5883092476,11.4924133,76.1443043,622913215,11.2,False,794270375:stream:,track,,,,,,,unpaved,,,,,,,,
5883092476,5883092477,11.4923141,76.1443239,622913215,7.7,False,,track,,,,,,,unpaved,,,,,,,,
5883092477,5883092478,11.4922647,76.1443733,622913215,15.6,False,,track,,,,,,,unpaved,,,,,,,,
5883092478,5883092479,11.4921974,76.1444989,622913215,9.5,False,,track,,,,,,,unpaved,,,,,,,,
5883092479,5883092480,11.4921345,76.1445573,622913215,31.5,False,,track,,,,,,,unpaved,,,,,,,,
5883092480,5883092481,11.4918698,76.1446605,622913215,4.6,False,,track,,,,,,,unpaved,,,,,,,,
5883092481,5883092482,11.4918428,76.1446919,622913215,12.9,False,,track,,,,,,,unpaved,,,,,,,,
5883092482,5883092483,11.4917351,76.1447368,622913215,15.0,False,,track,,,,,,,unpaved,,,,,,,,
5883092483,5883092484,11.4916005,76.1447458,622913215,10.4,False,,track,,,,,,,unpaved,,,,,,,,
5883092484,5883092485,11.4915084,76.1447631,622913215,10.3,False,,track,,,,,,,unpaved,,,,,,,,
5883092485,5883092487,11.4914168,76.1447747,622913215,15.5,False,,track,,,,,,,unpaved,,,,,,,,
5883092487,5883092489,11.4912804,76.1447436,622913215,55.6,False,,track,,,,,,,unpaved,,,,,,,,
5883092489,5883092490,11.4907882,76.1448355,622913215,16.5,False,,track,,,,,,,unpaved,,,,,,,,
5883092490,5883092491,11.4906491,76.1448894,622913215,6.0,False,,track,,,,,,,unpaved,,,,,,,,
5883092491,5883092492,11.4905952,76.1448894,622913215,13.3,False,,track,,,,,,,unpaved,,,,,,,,
5883092492,5883092493,11.4904875,76.1448355,622913215,12.2,False,,track,,,,,,,unpaved,,,,,,,,
5883092493,5883092494,11.4903798,76.1448131,622913215,32.3,False,,track,,,,,,,unpaved,,,,,,,,
5883092494,5883092495,11.4900926,76.144858,622913215,17.0,False,,track,,,,,,,unpaved,,,,,,,,
5883092495,5883092496,11.48994,76.1448535,622913215,8.1,False,,track,,,,,,,unpaved,,,,,,,,
5883092496,5883092497,11.4899086,76.1449208,622913215,19.2,False,,track,,,,,,,unpaved,,,,,,,,
5883092497,5883092498,11.4899669,76.1450868,622913215,6.4,False,,track,,,,,,,unpaved,,,,,,,,
5883092498,5883092501,11.4899624,76.1451452,622913215,41.3,False,,track,,,,,,,unpaved,,,,,,,,
5883092501,5883092502,11.4897605,76.1454638,622913215,7.1,False,,track,,,,,,,unpaved,,,,,,,,
5883092502,5883092503,11.4897425,76.1455267,622913215,22.6,False,,track,,,,,,,unpaved,,,,,,,,
5883092503,5883092504,11.4897605,76.1457331,622913215,7.1,False,,track,,,,,,,unpaved,,,,,,,,
5883092504,5883092505,11.4897425,76.1457959,622913215,16.8,False,,track,,,,,,,unpaved,,,,,,,,
5883092505,5883092506,11.4896303,76.1458992,622913215,24.5,False,,track,,,,,,,unpaved,,,,,,,,
5883092506,5883092508,11.4896438,76.1461235,622913215,30.9,False,,track,,,,,,,unpaved,,,,,,,,
5883092508,5883092509,11.489572,76.1463973,622913215,33.3,False,,track,,,,,,,unpaved,,,,,,,,
5883092509,5883092512,11.489572,76.1467025,622913215,41.5,False,,track,,,,,,,unpaved,,,,,,,,
5883092512,5883092513,11.4893431,76.1470032,622913215,11.3,False,,track,,,,,,,unpaved,,,,,,,,
5883092513,5883092514,11.4893521,76.1471064,622913215,21.3,False,,track,,,,,,,unpaved,,,,,,,,
5883092514,5883092516,11.4894822,76.14725,622913215,21.8,False,,track,,,,,,,unpaved,,,,,,,,
5883092516,5883092517,11.4895585,76.147434,622913215,26.9,False,,track,,,,,,,unpaved,,,,,,,,
5883092517,5883092518,11.4897335,76.1476045,622913215,11.0,False,,track,,,,,,,unpaved,,,,,,,,
5883092518,5883092519,11.4897784,76.1476943,622913215,24.0,False,,track,,,,,,,unpaved,,,,,,,,
5883092519,5883092520,11.4898233,76.1479097,622913215,14.7,False,,track,,,,,,,unpaved,,,,,,,,
5883092520,5883092521,11.4898233,76.1480444,622913215,9.8,False,,track,,,,,,,unpaved,,,,,,,,
5883092521,5883092524,11.4897964,76.1481296,622913215,31.1,False,,track,,,,,,,unpaved,,,,,,,,
5883092524,5883092525,11.4896124,76.148345,622913215,5.4,False,,track,,,,,,,unpaved,,,,,,,,
5883092525,5883092526,11.4896168,76.1483944,622913215,13.7,False,,track,,,,,,,unpaved,,,,,,,,
5883092526,5883092527,11.4896931,76.1484931,622913215,14.1,False,,track,,,,,,,unpaved,,,,,,,,
5883092527,5883092528,11.4896393,76.1486098,622913215,8.8,False,,track,,,,,,,unpaved,,,,,,,,
5883092528,5883092530,11.4896348,76.1486906,622913215,26.6,False,,track,,,,,,,unpaved,,,,,,,,
5883092530,5883092531,11.4897874,76.1488791,622913215,25.1,False,,track,,,,,,,unpaved,,,,,,,,
5883092531,5883092532,11.4899041,76.1490766,622913215,17.1,False,,track,,,,,,,unpaved,,,,,,,,
5883092532,5883092533,11.4900163,76.1491843,622913215,9.0,False,,track,,,,,,,unpaved,,,,,,,,
5883092533,5883092534,11.4900342,76.1492651,622913215,17.0,False,,track,,,,,,,unpaved,,,,,,,,
5883092534,12084179036,11.4900028,76.1494177,622913215,7.8,False,,track,,,,,,,unpaved,,,,,,,,
12084179036,5883092535,11.4900224,76.1494868,622913215,26.3,False,,track,,,,,,,unpaved,,,,,,,,
5883092535,5883092536,11.4900881,76.1497183,622913215,11.8,False,,track,,,,,,,unpaved,,,,,,,,
5883092536,5883092537,11.4900791,76.149826,622913215,10.7,False,,track,,,,,,,unpaved,,,,,,,,
5883092537,5883092538,11.4900252,76.1499068,622913215,8.8,False,,track,,,,,,,unpaved,,,,,,,,
5883092538,5883092539,11.4900252,76.1499876,622913215,44.8,False,,track,,,,,,,unpaved,,,,,,,,
5883092539,5883092541,11.4903214,76.1502659,622913215,22.2,False,,track,,,,,,,unpaved,,,,,,,,
5883092541,5883092543,11.4903843,76.1504588,622913215,41.7,False,,track,,,,,,,unpaved,,,,,,,,
5883092543,5883092544,11.490281,76.1508268,622913215,23.0,False,,track,,,,,,,unpaved,,,,,,,,
5883092544,5883092545,11.4902766,76.1510378,622913215,18.2,False,,track,,,,,,,unpaved,,,,,,,,
5883092545,5883092546,11.4901733,76.1511679,622913215,9.9,False,,track,,,,,,,unpaved,,,,,,,,
5883092546,5883092548,11.4901419,76.1512532,622913215,26.4,False,,track,,,,,,,unpaved,,,,,,,,
5883092548,5883092549,11.4901509,76.1514955,622913215,25.0,False,,track,,,,,,,unpaved,,,,,,,,
5883092549,5883092550,11.4902496,76.151702,622913215,11.4,False,,track,,,,,,,unpaved,,,,,,,,
5883092550,5883092552,11.4902676,76.1518052,622913215,66.6,False,,track,,,,,,,unpaved,,,,,,,,
5883092552,5883092553,11.4902451,76.1524156,622913215,11.3,False,,track,,,,,,,unpaved,,,,,,,,
5883092553,5883092554,11.4902137,76.1525143,622913215,18.6,False,,track,,,,,,,unpaved,,,,,,,,
5883092554,5883092555,11.4900567,76.1525726,622913215,5.9,False,,track,,,,,,,unpaved,,,,,,,,
5883092555,5883092556,11.4900208,76.152613,622913215,13.2,False,,track,,,,,,,unpaved,,,,,,,,
5883092556,5883092557,11.4900656,76.1527252,622913215,15.8,False,,track,,,,,,,unpaved,,,,,,,,
5883092557,5883092558,11.4901554,76.1528374,622913215,23.5,False,,track,,,,,,,unpaved,,,,,,,,
5883092558,5883092560,11.4901644,76.1530528,622913215,22.2,False,,track,,,,,,,unpaved,,,,,,,,
5883092560,5883092561,11.4901015,76.1532458,622913215,30.7,False,,track,,,,,,,unpaved,,,,,,,,
5883092561,5883092562,11.4898412,76.1533401,622913215,33.4,False,,track,,,,,,,unpaved,,,,,,,,
5883092562,5883091304,11.4899491,76.1536264,622913215,32.6,False,,track,,,,,,,unpaved,,,,,,,,
5883091304,5883092564,11.4899175,76.1539235,622913215,30.1,False,,track,,,,,,,unpaved,,,,,,,,
5883092564,5883092565,11.4897201,76.154112,622913215,21.6,False,,track,,,,,,,unpaved,,,,,,,,
5883092565,5883092566,11.4895495,76.1542062,622913215,5.9,False,,track,,,,,,,unpaved,,,,,,,,
5883092566,5883092567,11.4895136,76.1542466,622913215,9.5,False,,track,,,,,,,unpaved,,,,,,,,
5883092567,7428737126,11.4894822,76.1543274,622913215,31.2,False,,track,,,,,,,unpaved,,,,,,,,
7428737126,7428737125,11.4894888,76.1546136,794270381,9.1,True,,track,yes,,,,1,,unpaved,,,,yes,yes,2024WayanadLandslide,yes,digitalglobe
7428737125,5883092569,11.4894908,76.1546975,1347557913,23.2,False,,track,,,,,,,unpaved,,,,yes,yes,2024WayanadLandslide,yes,digitalglobe
5883092569,5883092570,11.4894957,76.1549108,794270380,16.9,False,,track,,,,,,,unpaved,,,,,,,yes,digitalglobe
5883092570,5883092571,11.4895405,76.1550589,794270380,37.8,False,,track,,,,,,,unpaved,,,,,,,yes,digitalglobe
5883092571,5883092573,11.4896931,76.1553686,794270380,31.8,False,,track,,,,,,,unpaved,,,,,,,yes,digitalglobe
5883092573,5883092574,11.4896976,76.1556603,794270380,9.8,False,,track,,,,,,,unpaved,,,,,,,yes,digitalglobe
5883092574,3842228242,11.4897649,76.1557186,794270380,31.4,False,,track,,,,,,,unpaved,,,,,,,yes,digitalglobe
3842228242,3842228241,11.4900185,76.155845,380928408,12.3,False,,tertiary,,,,,,permit,,,,,,,,,
3842228241,3842228240,11.4899076,76.1558417,380928408,11.1,False,,tertiary,,,,,,permit,,,,,,,,,
3842228240,3842228239,11.4898131,76.155875,380928408,22.4,False,,tertiary,,,,,,permit,,,,,,,,,
3842228239,3842228238,11.4896468,76.1559914,380928408,43.8,False,,tertiary,,,,,,permit,,,,,,,,,
3842228238,3842228237,11.4893111,76.156201,380928408,20.5,False,,tertiary,,,,,,permit,,,,,,,,,
3842228237,3842228236,11.4891318,76.1562442,380928408,52.7,False,,tertiary,,,,,,permit,,,,,,,,,
3842228236,3842228235,11.4886591,76.1562143,380928408,12.4,False,,tertiary,,,,,,permit,,,,,,,,,
3842228235,3842228234,11.4885646,76.1561544,380928408,27.1,False,,tertiary,,,,,,permit,,,,,,,,,
3842228234,3842228233,11.4883755,76.155998,380928408,23.9,False,,tertiary,,,,,,permit,,,,,,,,,
3842228233,3842228232,11.4881994,76.1558716,380928408,22.4,False,,tertiary,,,,,,permit,,,,,,,,,
3842228232,5883092920,11.4880837,76.1557036,380928408,4.7,False,,tertiary,,,,,,permit,,,,,,,,,
5883092920,3842228231,11.4880483,76.1556802,380928408,14.4,False,,tertiary,,,,,,permit,,,,,,,,,
3842228231,3842228230,11.4879354,76.1556155,380928408,31.0,False,,tertiary,,,,,,permit,,,,,,,,,
3842228230,3842228229,11.4876811,76.1554991,380928408,31.0,False,,tertiary,,,,,,permit,,,,,,,,,
3842228229,3842228228,11.4874105,76.1554292,380928408,16.8,False,,tertiary,,,,,,permit,,,,,,,,,
3842228228,3842228227,11.4872834,76.155346,380928408,51.0,False,,tertiary,,,,,,permit,,,,,,,,,
3842228227,3842228226,11.4869542,76.15502,380928408,16.6,False,,tertiary,,,,,,permit,,,,,,,,,
3842228226,3842228225,11.486814,76.1549668,380928408,14.7,False,,tertiary,,,,,,permit,,,,,,,,,
3842228225,6894943729,11.4866856,76.154999,380928408,6.9,False,,tertiary,,,,,,permit,,,,,,,,,
6894943729,3842228224,11.4866387,76.1550407,380928408,7.5,False,,tertiary,,,,,,permit,,,,,,,,,
3842228224,5883093048,11.4865851,76.1550819,380928408,6.8,False,,tertiary,,,,,,permit,,,,,,,,,
5883093048,3842228223,11.4865483,76.1551319,380928408,13.6,False,,tertiary,,,,,,permit,,,,,,,,,
3842228223,3842228222,11.4864845,76.1552386,380928408,13.7,False,,tertiary,,,,,,permit,,,,,,,,,
3842228222,12465132724,11.4864401,76.1553563,380928408,11.5,False,,tertiary,,,,,,permit,,,,,,,,,
12465132724,12465132728,11.4864212,76.1554597,380928408,3.7,False,,tertiary,,,,,,permit,,,,,,,,,
12465132728,3842228221,11.486415,76.1554931,380928408,17.3,False,,tertiary,,,,,,permit,,,,,,,,,
