osm_settlement,node_id,revenue_village,population_2011
Kalpetta,245596484,Kalpetta,31580.0
Periya,245598955,Periya,11174.0
Bavali,290208730,Pulpalli,28322.0
Vythiri,290210470,Chundale,7996.0
Meppadi,340369491,Kottappadi (part),23384.0
Sultan Bathery,393111659,Sulthanbathery,23333.0
Vaduvanchal,418783647,Muppainad,22892.0
Makkiyad,589981492,Thondernad,11752.0
Vellmunda,589981556,Vellamunda,18069.0
Mananthavady,589983022,Mananthavady,34663.0
Naalam Mile,589983035,Nalloornad,16928.0
Pallikkal,589983049,Edavaka,16737.0
Kammom,589983065,Edavaka,16737.0
Kallody,589983082,Edavaka,16737.0
Mazhuvannur,589983101,Porunnanore,22137.0
Kellur,589983118,Porunnanore,22137.0
Peechamcode,589983132,Porunnanore,22137.0
Ancham Mile,589983152,Porunnanore,22137.0
Pozhuthana,842387503,Pozhuthana,6406.0
Thariode,1028506671,Kavumannam,10106.0
Kaavumannam,1028506678,Kavumannam,10106.0
Vengappally,1028506688,Vengappally,11692.0
Tholpetty,1670570469,Thirunelly,12878.0
Dwaraka,2000159644,Nalloornad,16928.0
Meenangadi,2329757020,Purakkadi,21022.0
Eachome,2625154823,Anchukunnu,19078.0
Tharuvana,2625295559,Porunnanore,22137.0
Thonichal,2625625974,Nalloornad,16928.0
Kattikkulam,2638420940,Thrissilery,16818.0
Anaappara,2638421365,Thrissilery,16818.0
Pannichal,2639127942,Edavaka,16737.0
Orappu,2639128114,Edavaka,16737.0
Ellumannam,2639128136,Edavaka,16737.0
Veettichal,2639128189,Edavaka,16737.0
54,2640101975,Payyampally,13311.0
Ancham Peedika,2640226674,Kanjirangad,11811.0
Thettamala,2640226704,Kanjirangad,11811.0
Chettapalam,2640226800,Mananthavady,34663.0
Ondayangadi,2640226801,Mananthavady,34663.0
Thrissilery,2640226802,Thrissilery,16818.0
Appapara,2640251370,Thirunelly,12878.0
Thirunelli,2640251422,Thirunelly,12878.0
Thalappuzha,2640264736,Thavinhal,17840.0
Panamaram,2640668694,Panamaram,12683.0
Koyilery,2640992025,Payyampally,13311.0
Cherukattoor,2640992026,Cherukottur,11462.0
Kappunchal,2640992027,Cherukottur,11462.0
Anjukunnu,2640992028,Anchukunnu,19078.0
Aaraam Mile (6th mile),2640992029,Anchukunnu,19078.0
Vilambukandam,2640992030,Anchukunnu,19078.0
Pachilakkadu,2640992061,Panamaram,12683.0
Varummal kadavu,2640992128,Anchukunnu,19078.0
Peruvaka,2641011701,Mananthavady,34663.0
Boy's Town,2641559288,Periya,11174.0
Kunjome,2641570697,Thondernad,11752.0
Payyampalli,2642155998,Payyampally,13311.0
Kammana,2642156372,Nalloornad,16928.0
Kambalakkad,2642193417,Kaniambetta,29363.0
Nadakkal,2642202115,Porunnanore,22137.0
Kokkadavu,2642213704,Vellamunda,18069.0
Arattuthara,2642221352,Mananthavady,34663.0
Muthireri,2642314562,Thavinhal,17840.0
Pathirachal,2642314564,Edavaka,16737.0
Pulinjal,2642592771,Vellamunda,18069.0
Changadakkadavu,2642764077,Edavaka,16737.0
Thannikkal,2643350359,Payyampally,13311.0
Moolithodu,2644109544,Edavaka,16737.0
Puthusseri,2644109621,Kanjirangad,11811.0
Kanhirangad,2644127603,Kanjirangad,11811.0
Palvelicham,2644340909,Payyampally,13311.0
Kundala,2644369956,Nalloornad,16928.0
Pulikkad,2644369958,Nalloornad,16928.0
Pandikkadavu,2644369959,Edavaka,16737.0
Choottakadavu,2644724676,Mananthavady,34663.0
Kaniyaram,2644731525,Mananthavady,34663.0
Koolivayal,2645712178,Cherukottur,11462.0
Porur,2645729135,Valat,10799.0
Payingattiri,2645739603,Nalloornad,16928.0
Kuzhinilam,2648724762,Mananthavady,34663.0
Pilacheri,2648726963,Mananthavady,34663.0
Ambukuthy,2648730630,Mananthavady,34663.0
Pulpally,3177030978,Pulpalli,28322.0
Thonichal,3259281722,Nalloornad,16928.0
Muttil,3330085319,Muttil North,12382.0
Kainatti,3842111627,Kalpetta,31580.0
Kappamkolly,3842111628,Kottappadi (part),23384.0
Chooralmala,3842228213,Vellarimala,7548.0
Kalladi,3842228214,Vellarimala,7548.0
Nellimunda,3842228216,Kottappadi (part),23384.0
Chundale,3842282051,Chundale,7996.0
Nedumkarana,3842282053,Muppainad,22892.0
Thinapuram,3842282055,Muppainad,22892.0
Padinjarethara,3842445127,Padinharethara,16146.0
Ambalavayal,3903463417,Ambalavayal,16988.0
Muthanga,3912949958,Noolpuzha,14133.0
Lakkidi,3922194996,Kunnathidavaka,10309.0
Padichira,4618674486,Padichira,28970.0
Puzhavayal,6367722987,Thrissilery,16818.0
Cherakkara,6705049477,Mananthavady,34663.0
SJLP School Pilakkavu,6705049478,Mananthavady,34663.0
Jessy,6705049479,Mananthavady,34663.0
Karyambadi,6726439383,Muttil North,12382.0
Kenichira,6726502612,Poothadi,14578.0
Koliyadi,6734865994,Nenmeni,31225.0
Thaloor,6734877112,Nenmeni,31225.0
Korome,6751783583,Thondernad,11752.0
Rippon 52,7128096624,Muppainad,22892.0
Kallumukku,7342851063,Noolpuzha,14133.0
Kabanigiri,7472817639,Padichira,28970.0
Nambikolly,7509778207,Cheeral,15725.0
Paplassery,7515334890,Irulam,21052.0
Kattimoola,7521099020,Valat,10799.0
palakuly,7533243031,Mananthavady,34663.0
godavari colony,7693909634,Thavinhal,17840.0
Pookode,7761832245,Kunnathidavaka,10309.0
Melmury,8530964313,Achooranam,11998.0
ST colony puthiyadam,8749724615,Thavinhal,17840.0
ambalakolly st colony,8759401452,Thavinhal,17840.0
edmana scheduled tribes colony 1,8889235087,Periya,11174.0
Edamana st colony 2,8889235088,Periya,11174.0
kolymannu,8892919288,Periya,11174.0
Choyimoola,8892919303,Periya,11174.0
Alattil,8894011522,Periya,11174.0
Kalluvettumthazhe,9164546019,Kuppadithara,9761.0
Mavilamthodu,9188000201,Padichira,28970.0
Kappiset,9188016663,Padichira,28970.0
Pinangode,9331060132,Achooranam,11998.0
Kottoor,9389817360,Muppainad,22892.0
Mundakai,9511160918,Vellarimala,7548.0
Moonanakuzhy,9512700919,Purakkadi,21022.0
Churuli,10026087418,Thondernad,11752.0
Cheeral,11375760584,Cheeral,15725.0
Kottathara,11771916435,Kottathara,17295.0
Venniyodu,11771916436,Kottathara,17295.0
Nadavayal,11772023998,Nadavayal,15795.0
Kaniyambetta,11772099825,Kaniambetta,29363.0
Chulliyode,11808991820,Nenmeni,31225.0
Madakkara,11808991821,Nenmeni,31225.0
Pazhoor,11808991822,Cheeral,15725.0
ponnada,12189746106,Vengappally,11692.0
Pakkom,12521032076,Pulpalli,28322.0
Pariyaram,12526763820,Muttil North,12382.0
